{
    "Jimi": 210390.0,
    "Gugycym": 179143.0,
    "Ocugozi": 437164.0,
    "Nawu": 881887.0,
    "Rajupe": 75383.34114388736,
    "Resat": 179600.09579658846,
    "Ysuq": 126663.0,
    "Osasu": 47778.98305229244,
    "Sibetim": 126362.0,
    "Ediva": 190253.0
}